Recommended Column Name,Description
participant_id,Unique identifier assigned to each participant.
trial_id,Unique identifier for a single trial within a session or condition.
stimulus,The linguistic stimulus presented to the participant in a given trial.
trial_order,Presentation order within the session (0-indexed). The order in which the participant saw this trial.
lexicality,Variable with two levels denoting lexical status of the sequence of letters (word and pseudoword)
letter_order, Categorical variable indicating the order of letters with two levels: forward (as word should be) and backword (reversed letter order)
response,Participant's response
accuracy,Binary indicator of whether the participant's response was correct.
rt,Time taken by the participant to respond, in milliseconds.
